icaoCode,type,trafficType,runways,elevation_m,latitude_deg,longitude_deg,geometry
ESMP,2,[0],"[{'designator': '04', 'trueHeading': 40, 'alignedTrueNorth': False, 'operations': 0, 'mainRunway': True, 'turnDirection': 2, 'takeOffOnly': False, 'landingOnly': False, 'surface': {'composition': [0], 'mainComposite': 0, 'condition': 0}, 'dimension': {'length': {'value': 1000, 'unit': 0}, 'width': {'value': 20, 'unit': 0}}, 'declaredDistance': {'tora': {'value': 1000, 'unit': 0}, 'lda': {'value': 1000, 'unit': 0}}, 'pilotCtrlLighting': False, '_id': '626151535e9ded5710451c2d'}, {'designator': '22', 'trueHeading': 220, 'alignedTrueNorth': False, 'operations': 0, 'mainRunway': True, 'turnDirection': 2, 'takeOffOnly': False, 'landingOnly': False, 'surface': {'composition': [0], 'mainComposite': 0, 'condition': 0}, 'dimension': {'length': {'value': 1000, 'unit': 0}, 'width': {'value': 20, 'unit': 0}}, 'declaredDistance': {'tora': {'value': 1000, 'unit': 0}, 'lda': {'value': 1000, 'unit': 0}}, 'pilotCtrlLighting': False, '_id': '626151535e9ded5710451c2e'}]",155,57.2642,13.5994,POINT (13.5994 57.2642)
ESQO,2,[0],"[{'designator': '15', 'trueHeading': 150, 'alignedTrueNorth': False, 'operations': 0, 'mainRunway': True, 'turnDirection': 2, 'takeOffOnly': False, 'landingOnly': False, 'surface': {'composition': [0], 'mainComposite': 0, 'condition': 0}, 'dimension': {'length': {'value': 2000, 'unit': 0}, 'width': {'value': 39, 'unit': 0}}, 'declaredDistance': {'tora': {'value': 2000, 'unit': 0}, 'lda': {'value': 2000, 'unit': 0}}, 'pilotCtrlLighting': False, '_id': '626151535e9ded5710451c45'}, {'designator': '33', 'trueHeading': 330, 'alignedTrueNorth': False, 'operations': 0, 'mainRunway': True, 'turnDirection': 2, 'takeOffOnly': False, 'landingOnly': False, 'surface': {'composition': [0], 'mainComposite': 0, 'condition': 0}, 'dimension': {'length': {'value': 2000, 'unit': 0}, 'width': {'value': 39, 'unit': 0}}, 'declaredDistance': {'tora': {'value': 2000, 'unit': 0}, 'lda': {'value': 2000, 'unit': 0}}, 'pilotCtrlLighting': False, '_id': '626151535e9ded5710451c46'}]",10,59.388055555556,15.921388888889,POINT (15.921388888889 59.388055555556)
ESKV,2,[0],"[{'designator': '01', 'trueHeading': 2, 'alignedTrueNorth': False, 'operations': 0, 'mainRunway': True, 'turnDirection': 2, 'takeOffOnly': False, 'landingOnly': False, 'surface': {'composition': [0], 'mainComposite': 0, 'condition': 0}, 'dimension': {'length': {'value': 1150, 'unit': 0}, 'width': {'value': 30, 'unit': 0}}, 'declaredDistance': {'tora': {'value': 1150, 'unit': 0}, 'lda': {'value': 1150, 'unit': 0}}, 'pilotCtrlLighting': False, '_id': '626151535e9ded5710451c88'}, {'designator': '19', 'trueHeading': 182, 'alignedTrueNorth': False, 'operations': 0, 'mainRunway': True, 'turnDirection': 2, 'takeOffOnly': False, 'landingOnly': False, 'surface': {'composition': [0], 'mainComposite': 0, 'condition': 0}, 'dimension': {'length': {'value': 1150, 'unit': 0}, 'width': {'value': 30, 'unit': 0}}, 'declaredDistance': {'tora': {'value': 1150, 'unit': 0}, 'lda': {'value': 950, 'unit': 0}}, 'pilotCtrlLighting': False, '_id': '626151535e9ded5710451c89'}]",72,59.675555555556,12.639444444444,POINT (12.639444444444 59.675555555556)
ESGE,2,[0],"[{'designator': '04R', 'trueHeading': 40, 'alignedTrueNorth': False, 'operations': 0, 'mainRunway': False, 'turnDirection': 2, 'takeOffOnly': False, 'landingOnly': False, 'surface': {'composition': [2], 'mainComposite': 2, 'condition': 0}, 'dimension': {'length': {'value': 800, 'unit': 0}, 'width': {'value': 50, 'unit': 0}}, 'declaredDistance': {'tora': {'value': 800, 'unit': 0}, 'lda': {'value': 800, 'unit': 0}}, 'pilotCtrlLighting': False, '_id': '62615154cb27f42509465cf5'}, {'designator': '22L', 'trueHeading': 220, 'alignedTrueNorth': False, 'operations': 0, 'mainRunway': False, 'turnDirection': 2, 'takeOffOnly': False, 'landingOnly': False, 'surface': {'composition': [2], 'mainComposite': 2, 'condition': 0}, 'dimension': {'length': {'value': 800, 'unit': 0}, 'width': {'value': 50, 'unit': 0}}, 'declaredDistance': {'tora': {'value': 800, 'unit': 0}, 'lda': {'value': 800, 'unit': 0}}, 'pilotCtrlLighting': False, '_id': '62615154cb27f42509465cf6'}, {'designator': '04L', 'trueHeading': 40, 'alignedTrueNorth': False, 'operations': 0, 'mainRunway': True, 'turnDirection': 2, 'takeOffOnly': False, 'landingOnly': False, 'surface': {'composition': [0], 'mainComposite': 0, 'condition': 0}, 'dimension': {'length': {'value': 800, 'unit': 0}, 'width': {'value': 18, 'unit': 0}}, 'declaredDistance': {'tora': {'value': 800, 'unit': 0}, 'lda': {'value': 800, 'unit': 0}}, 'pilotCtrlLighting': False, '_id': '62615154cb27f42509465cf7'}, {'designator': '22R', 'trueHeading': 220, 'alignedTrueNorth': False, 'operations': 0, 'mainRunway': True, 'turnDirection': 2, 'takeOffOnly': False, 'landingOnly': False, 'surface': {'composition': [0], 'mainComposite': 0, 'condition': 0}, 'dimension': {'length': {'value': 800, 'unit': 0}, 'width': {'value': 18, 'unit': 0}}, 'declaredDistance': {'tora': {'value': 800, 'unit': 0}, 'lda': {'value': 800, 'unit': 0}}, 'pilotCtrlLighting': False, '_id': '62615154cb27f42509465cf8'}]",179,57.6956,12.8428,POINT (12.8428 57.6956)
ESKD,2,[0],"[{'designator': '03', 'trueHeading': 20, 'alignedTrueNorth': False, 'operations': 0, 'mainRunway': False, 'turnDirection': 2, 'takeOffOnly': False, 'landingOnly': False, 'surface': {'composition': [2], 'mainComposite': 2, 'condition': 0}, 'dimension': {'length': {'value': 900, 'unit': 0}, 'width': {'value': 40, 'unit': 0}}, 'declaredDistance': {'tora': {'value': 900, 'unit': 0}, 'lda': {'value': 900, 'unit': 0}}, 'pilotCtrlLighting': False, '_id': '626151544b027aab592b3f8c'}, {'designator': '21', 'trueHeading': 200, 'alignedTrueNorth': False, 'operations': 0, 'mainRunway': False, 'turnDirection': 2, 'takeOffOnly': False, 'landingOnly': False, 'surface': {'composition': [2], 'mainComposite': 2, 'condition': 0}, 'dimension': {'length': {'value': 900, 'unit': 0}, 'width': {'value': 40, 'unit': 0}}, 'declaredDistance': {'tora': {'value': 900, 'unit': 0}, 'lda': {'value': 900, 'unit': 0}}, 'pilotCtrlLighting': False, '_id': '626151544b027aab592b3f8d'}, {'designator': '03', 'trueHeading': 20, 'alignedTrueNorth': False, 'operations': 0, 'mainRunway': True, 'turnDirection': 2, 'takeOffOnly': False, 'landingOnly': False, 'surface': {'composition': [0], 'mainComposite': 0, 'condition': 0}, 'dimension': {'length': {'value': 900, 'unit': 0}, 'width': {'value': 24, 'unit': 0}}, 'declaredDistance': {'tora': {'value': 900, 'unit': 0}, 'lda': {'value': 900, 'unit': 0}}, 'pilotCtrlLighting': False, '_id': '626151544b027aab592b3f8e'}, {'designator': '21', 'trueHeading': 200, 'alignedTrueNorth': False, 'operations': 0, 'mainRunway': True, 'turnDirection': 2, 'takeOffOnly': False, 'landingOnly': False, 'surface': {'composition': [0], 'mainComposite': 0, 'condition': 0}, 'dimension': {'length': {'value': 900, 'unit': 0}, 'width': {'value': 24, 'unit': 0}}, 'declaredDistance': {'tora': {'value': 900, 'unit': 0}, 'lda': {'value': 900, 'unit': 0}}, 'pilotCtrlLighting': False, '_id': '626151544b027aab592b3f8f'}]",236,60.5561,14.3771,POINT (14.3771 60.5561)
ESVB,2,[0],"[{'designator': '17', 'trueHeading': 170, 'alignedTrueNorth': False, 'operations': 0, 'mainRunway': True, 'turnDirection': 2, 'takeOffOnly': False, 'landingOnly': False, 'surface': {'composition': [0], 'mainComposite': 0, 'condition': 0}, 'dimension': {'length': {'value': 670, 'unit': 0}, 'width': {'value': 25, 'unit': 0}}, 'declaredDistance': {'tora': {'value': 670, 'unit': 0}, 'lda': {'value': 670, 'unit': 0}}, 'pilotCtrlLighting': False, '_id': '62615154cb27f42509465d0d'}, {'designator': '35', 'trueHeading': 350, 'alignedTrueNorth': False, 'operations': 0, 'mainRunway': True, 'turnDirection': 2, 'takeOffOnly': False, 'landingOnly': False, 'surface': {'composition': [0], 'mainComposite': 0, 'condition': 0}, 'dimension': {'length': {'value': 670, 'unit': 0}, 'width': {'value': 25, 'unit': 0}}, 'declaredDistance': {'tora': {'value': 670, 'unit': 0}, 'lda': {'value': 670, 'unit': 0}}, 'pilotCtrlLighting': False, '_id': '62615154cb27f42509465d0e'}]",21,57.849722222222,19.034722222222,POINT (19.034722222222 57.849722222222)
ESME,2,[0],"[{'designator': '12', 'trueHeading': 120, 'alignedTrueNorth': False, 'operations': 0, 'mainRunway': True, 'turnDirection': 2, 'takeOffOnly': False, 'landingOnly': False, 'surface': {'composition': [0], 'mainComposite': 0, 'condition': 0}, 'dimension': {'length': {'value': 799, 'unit': 0}, 'width': {'value': 20, 'unit': 0}}, 'declaredDistance': {'tora': {'value': 799, 'unit': 0}, 'lda': {'value': 799, 'unit': 0}}, 'pilotCtrlLighting': False, '_id': '626151554b027aab592b3ff3'}, {'designator': '30', 'trueHeading': 300, 'alignedTrueNorth': False, 'operations': 0, 'mainRunway': True, 'turnDirection': 2, 'takeOffOnly': False, 'landingOnly': False, 'surface': {'composition': [0], 'mainComposite': 0, 'condition': 0}, 'dimension': {'length': {'value': 799, 'unit': 0}, 'width': {'value': 20, 'unit': 0}}, 'declaredDistance': {'tora': {'value': 799, 'unit': 0}, 'lda': {'value': 799, 'unit': 0}}, 'pilotCtrlLighting': False, '_id': '626151554b027aab592b3ff4'}, {'designator': '06', 'trueHeading': 60, 'alignedTrueNorth': False, 'operations': 0, 'mainRunway': False, 'turnDirection': 2, 'takeOffOnly': False, 'landingOnly': False, 'surface': {'composition': [2], 'mainComposite': 2, 'condition': 0}, 'dimension': {'length': {'value': 470, 'unit': 0}, 'width': {'value': 30, 'unit': 0}}, 'declaredDistance': {'tora': {'value': 380, 'unit': 0}, 'lda': {'value': 380, 'unit': 0}}, 'pilotCtrlLighting': False, '_id': '626151554b027aab592b3ff5'}, {'designator': '24', 'trueHeading': 240, 'alignedTrueNorth': False, 'operations': 0, 'mainRunway': False, 'turnDirection': 2, 'takeOffOnly': False, 'landingOnly': False, 'surface': {'composition': [2], 'mainComposite': 2, 'condition': 0}, 'dimension': {'length': {'value': 470, 'unit': 0}, 'width': {'value': 30, 'unit': 0}}, 'declaredDistance': {'tora': {'value': 470, 'unit': 0}, 'lda': {'value': 470, 'unit': 0}}, 'pilotCtrlLighting': False, '_id': '626151554b027aab592b3ff6'}]",90,55.8483,13.3283,POINT (13.3283 55.8483)
ESGK,2,[0],"[{'designator': '04', 'trueHeading': 29, 'alignedTrueNorth': False, 'operations': 0, 'mainRunway': True, 'turnDirection': 2, 'takeOffOnly': False, 'landingOnly': False, 'surface': {'composition': [0], 'mainComposite': 0, 'condition': 0}, 'dimension': {'length': {'value': 1315, 'unit': 0}, 'width': {'value': 29, 'unit': 0}}, 'declaredDistance': {'tora': {'value': 1315, 'unit': 0}, 'lda': {'value': 1315, 'unit': 0}}, 'pilotCtrlLighting': False, '_id': '626151564b027aab592b4024'}, {'designator': '22', 'trueHeading': 209, 'alignedTrueNorth': False, 'operations': 0, 'mainRunway': True, 'turnDirection': 2, 'takeOffOnly': False, 'landingOnly': False, 'surface': {'composition': [0], 'mainComposite': 0, 'condition': 0}, 'dimension': {'length': {'value': 1315, 'unit': 0}, 'width': {'value': 29, 'unit': 0}}, 'declaredDistance': {'tora': {'value': 1315, 'unit': 0}, 'lda': {'value': 1315, 'unit': 0}}, 'pilotCtrlLighting': False, '_id': '626151564b027aab592b4025'}]",239,58.1698,13.5878,POINT (13.5878 58.1698)
ESMG,2,[0],"[{'designator': '01', 'trueHeading': 10, 'alignedTrueNorth': False, 'operations': 0, 'mainRunway': True, 'turnDirection': 2, 'takeOffOnly': False, 'landingOnly': False, 'surface': {'composition': [0], 'mainComposite': 0, 'condition': 0}, 'dimension': {'length': {'value': 1152, 'unit': 0}, 'width': {'value': 29, 'unit': 0}}, 'declaredDistance': {'tora': {'value': 1152, 'unit': 0}, 'lda': {'value': 1152, 'unit': 0}}, 'pilotCtrlLighting': False, '_id': '626151564b027aab592b4042'}, {'designator': '19', 'trueHeading': 190, 'alignedTrueNorth': False, 'operations': 0, 'mainRunway': True, 'turnDirection': 2, 'takeOffOnly': False, 'landingOnly': False, 'surface': {'composition': [0], 'mainComposite': 0, 'condition': 0}, 'dimension': {'length': {'value': 1152, 'unit': 0}, 'width': {'value': 29, 'unit': 0}}, 'declaredDistance': {'tora': {'value': 1152, 'unit': 0}, 'lda': {'value': 1152, 'unit': 0}}, 'pilotCtrlLighting': False, '_id': '626151564b027aab592b4043'}]",164,56.9503,13.9217,POINT (13.9217 56.9503)
ESKA,2,[0],"[{'designator': '05', 'trueHeading': 50, 'alignedTrueNorth': False, 'operations': 0, 'mainRunway': True, 'turnDirection': 2, 'takeOffOnly': False, 'landingOnly': False, 'surface': {'composition': [0], 'mainComposite': 0, 'condition': 0}, 'dimension': {'length': {'value': 800, 'unit': 0}, 'width': {'value': 25, 'unit': 0}}, 'declaredDistance': {'tora': {'value': 800, 'unit': 0}, 'lda': {'value': 800, 'unit': 0}}, 'pilotCtrlLighting': False, '_id': '626151574b027aab592b4076'}, {'designator': '23', 'trueHeading': 230, 'alignedTrueNorth': False, 'operations': 0, 'mainRunway': True, 'turnDirection': 2, 'takeOffOnly': False, 'landingOnly': False, 'surface': {'composition': [0], 'mainComposite': 0, 'condition': 0}, 'dimension': {'length': {'value': 800, 'unit': 0}, 'width': {'value': 25, 'unit': 0}}, 'declaredDistance': {'tora': {'value': 800, 'unit': 0}, 'lda': {'value': 800, 'unit': 0}}, 'pilotCtrlLighting': False, '_id': '626151574b027aab592b4077'}]",20,60.1328,18.1049,POINT (18.1049 60.1328)
ESSK,2,[0],"[{'designator': '18', 'trueHeading': 180, 'alignedTrueNorth': False, 'operations': 0, 'mainRunway': True, 'turnDirection': 2, 'takeOffOnly': False, 'landingOnly': False, 'surface': {'composition': [0], 'mainComposite': 0, 'condition': 0}, 'dimension': {'length': {'value': 2000, 'unit': 0}, 'width': {'value': 45, 'unit': 0}}, 'declaredDistance': {'tora': {'value': 2000, 'unit': 0}, 'lda': {'value': 2000, 'unit': 0}}, 'pilotCtrlLighting': False, '_id': '626151575e9ded5710451d5a'}, {'designator': '36', 'trueHeading': 360, 'alignedTrueNorth': False, 'operations': 0, 'mainRunway': True, 'turnDirection': 2, 'takeOffOnly': False, 'landingOnly': False, 'surface': {'composition': [0], 'mainComposite': 0, 'condition': 0}, 'dimension': {'length': {'value': 2000, 'unit': 0}, 'width': {'value': 45, 'unit': 0}}, 'declaredDistance': {'tora': {'value': 2000, 'unit': 0}, 'lda': {'value': 2000, 'unit': 0}}, 'pilotCtrlLighting': False, '_id': '626151575e9ded5710451d5b'}]",68,60.5933,16.9514,POINT (16.9514 60.5933)
ESGG,3,"[0, 1]","[{'designator': '03', 'trueHeading': 22, 'alignedTrueNorth': False, 'operations': 0, 'mainRunway': True, 'turnDirection': 2, 'takeOffOnly': False, 'landingOnly': False, 'surface': {'composition': [0], 'mainComposite': 0, 'condition': 0, 'pcn': '81/F/B/X/T'}, 'dimension': {'length': {'value': 3299, 'unit': 0}, 'width': {'value': 45, 'unit': 0}}, 'declaredDistance': {'tora': {'value': 3299, 'unit': 0}, 'lda': {'value': 3299, 'unit': 0}}, 'pilotCtrlLighting': False, 'visualApproachAids': [1], '_id': '626151575e9ded5710451d73'}, {'designator': '21', 'trueHeading': 202, 'alignedTrueNorth': False, 'operations': 0, 'mainRunway': True, 'turnDirection': 2, 'takeOffOnly': False, 'landingOnly': False, 'surface': {'composition': [0], 'mainComposite': 0, 'condition': 0, 'pcn': '81/F/B/X/T'}, 'dimension': {'length': {'value': 3299, 'unit': 0}, 'width': {'value': 45, 'unit': 0}}, 'declaredDistance': {'tora': {'value': 3299, 'unit': 0}, 'lda': {'value': 3299, 'unit': 0}}, 'pilotCtrlLighting': False, 'visualApproachAids': [1], '_id': '626151575e9ded5710451d74'}]",154,57.6625,12.279722222222,POINT (12.279722222222 57.6625)
ESGP,2,[0],"[{'designator': '01', 'trueHeading': 2, 'alignedTrueNorth': False, 'operations': 0, 'mainRunway': True, 'turnDirection': 2, 'takeOffOnly': False, 'landingOnly': False, 'surface': {'composition': [0], 'mainComposite': 0, 'condition': 0, 'pcn': '30/F/C/X/T'}, 'dimension': {'length': {'value': 1085, 'unit': 0}, 'width': {'value': 45, 'unit': 0}}, 'declaredDistance': {'tora': {'value': 1085, 'unit': 0}, 'lda': {'value': 1085, 'unit': 0}}, 'pilotCtrlLighting': False, '_id': '626151574b027aab592b40b5'}, {'designator': '19', 'trueHeading': 182, 'alignedTrueNorth': False, 'operations': 0, 'mainRunway': True, 'turnDirection': 2, 'takeOffOnly': False, 'landingOnly': False, 'surface': {'composition': [0], 'mainComposite': 0, 'condition': 0, 'pcn': '30/F/C/X/T'}, 'dimension': {'length': {'value': 1085, 'unit': 0}, 'width': {'value': 45, 'unit': 0}}, 'declaredDistance': {'tora': {'value': 1085, 'unit': 0}, 'lda': {'value': 1085, 'unit': 0}}, 'pilotCtrlLighting': False, 'visualApproachAids': [1], '_id': '626151574b027aab592b40b6'}, {'designator': '04', 'trueHeading': 42, 'alignedTrueNorth': False, 'operations': 2, 'mainRunway': False, 'turnDirection': 2, 'takeOffOnly': False, 'landingOnly': False, 'surface': {'composition': [0], 'mainComposite': 0, 'condition': 0}, 'dimension': {'length': {'value': 870, 'unit': 0}, 'width': {'value': 29, 'unit': 0}}, 'declaredDistance': {'tora': {'value': 870, 'unit': 0}, 'lda': {'value': 870, 'unit': 0}}, 'pilotCtrlLighting': False, '_id': '626151574b027aab592b40b7'}, {'designator': '22', 'trueHeading': 222, 'alignedTrueNorth': False, 'operations': 2, 'mainRunway': False, 'turnDirection': 2, 'takeOffOnly': False, 'landingOnly': False, 'surface': {'composition': [0], 'mainComposite': 0, 'condition': 0}, 'dimension': {'length': {'value': 870, 'unit': 0}, 'width': {'value': 29, 'unit': 0}}, 'declaredDistance': {'tora': {'value': 870, 'unit': 0}, 'lda': {'value': 870, 'unit': 0}}, 'pilotCtrlLighting': False, '_id': '626151574b027aab592b40b8'}]",18,57.7747,11.8704,POINT (11.8704 57.7747)
ESMV,2,[0],"[{'designator': '04', 'trueHeading': 40, 'alignedTrueNorth': False, 'operations': 0, 'mainRunway': True, 'turnDirection': 2, 'takeOffOnly': False, 'landingOnly': False, 'surface': {'composition': [0], 'mainComposite': 0, 'condition': 0}, 'dimension': {'length': {'value': 2050, 'unit': 0}, 'width': {'value': 39, 'unit': 0}}, 'declaredDistance': {'tora': {'value': 2050, 'unit': 0}, 'lda': {'value': 2050, 'unit': 0}}, 'pilotCtrlLighting': False, '_id': '62615158cb27f42509465dc3'}, {'designator': '22', 'trueHeading': 220, 'alignedTrueNorth': False, 'operations': 0, 'mainRunway': True, 'turnDirection': 2, 'takeOffOnly': False, 'landingOnly': False, 'surface': {'composition': [0], 'mainComposite': 0, 'condition': 0}, 'dimension': {'length': {'value': 2050, 'unit': 0}, 'width': {'value': 39, 'unit': 0}}, 'declaredDistance': {'tora': {'value': 2050, 'unit': 0}, 'lda': {'value': 2050, 'unit': 0}}, 'pilotCtrlLighting': False, '_id': '62615158cb27f42509465dc4'}]",169,57.2922,14.1372,POINT (14.1372 57.2922)
ESNA,2,[0],"[{'designator': '14', 'trueHeading': 140, 'alignedTrueNorth': False, 'operations': 0, 'mainRunway': True, 'turnDirection': 2, 'takeOffOnly': False, 'landingOnly': False, 'surface': {'composition': [0], 'mainComposite': 0, 'condition': 0}, 'dimension': {'length': {'value': 1000, 'unit': 0}, 'width': {'value': 39, 'unit': 0}}, 'declaredDistance': {'tora': {'value': 1000, 'unit': 0}, 'lda': {'value': 1000, 'unit': 0}}, 'pilotCtrlLighting': False, '_id': '626151585e9ded5710451db9'}, {'designator': '32', 'trueHeading': 320, 'alignedTrueNorth': False, 'operations': 0, 'mainRunway': True, 'turnDirection': 2, 'takeOffOnly': False, 'landingOnly': False, 'surface': {'composition': [0], 'mainComposite': 0, 'condition': 0}, 'dimension': {'length': {'value': 1000, 'unit': 0}, 'width': {'value': 39, 'unit': 0}}, 'declaredDistance': {'tora': {'value': 1000, 'unit': 0}, 'lda': {'value': 1000, 'unit': 0}}, 'pilotCtrlLighting': False, '_id': '626151585e9ded5710451dba'}]",341,63.7383,15.4583,POINT (15.4583 63.7383)
ESNC,2,[0],"[{'designator': '06', 'trueHeading': 60, 'alignedTrueNorth': False, 'operations': 0, 'mainRunway': True, 'turnDirection': 2, 'takeOffOnly': False, 'landingOnly': False, 'surface': {'composition': [0], 'mainComposite': 0, 'condition': 0}, 'dimension': {'length': {'value': 1200, 'unit': 0}, 'width': {'value': 35, 'unit': 0}}, 'declaredDistance': {'tora': {'value': 1200, 'unit': 0}, 'lda': {'value': 1200, 'unit': 0}}, 'pilotCtrlLighting': False, '_id': '626151585e9ded5710451ddc'}, {'designator': '24', 'trueHeading': 240, 'alignedTrueNorth': False, 'operations': 0, 'mainRunway': True, 'turnDirection': 2, 'takeOffOnly': False, 'landingOnly': False, 'surface': {'composition': [0], 'mainComposite': 0, 'condition': 0}, 'dimension': {'length': {'value': 1200, 'unit': 0}, 'width': {'value': 35, 'unit': 0}}, 'declaredDistance': {'tora': {'value': 1200, 'unit': 0}, 'lda': {'value': 1200, 'unit': 0}}, 'pilotCtrlLighting': False, '_id': '626151585e9ded5710451ddd'}]",445,62.410277777778,13.744166666667,POINT (13.744166666667 62.410277777778)
ESNH,2,[0],"[{'designator': '12', 'trueHeading': 120, 'alignedTrueNorth': False, 'operations': 0, 'mainRunway': True, 'turnDirection': 2, 'takeOffOnly': False, 'landingOnly': False, 'surface': {'composition': [0], 'mainComposite': 0, 'condition': 0}, 'dimension': {'length': {'value': 1320, 'unit': 0}, 'width': {'value': 29, 'unit': 0}}, 'declaredDistance': {'tora': {'value': 1320, 'unit': 0}, 'lda': {'value': 1320, 'unit': 0}}, 'pilotCtrlLighting': False, '_id': '626151594b027aab592b40f8'}, {'designator': '30', 'trueHeading': 300, 'alignedTrueNorth': False, 'operations': 0, 'mainRunway': True, 'turnDirection': 2, 'takeOffOnly': False, 'landingOnly': False, 'surface': {'composition': [0], 'mainComposite': 0, 'condition': 0}, 'dimension': {'length': {'value': 1320, 'unit': 0}, 'width': {'value': 29, 'unit': 0}}, 'declaredDistance': {'tora': {'value': 1320, 'unit': 0}, 'lda': {'value': 1320, 'unit': 0}}, 'pilotCtrlLighting': False, '_id': '626151594b027aab592b40f9'}]",29,61.7681,17.0807,POINT (17.0807 61.7681)
ESPJ,2,[0],"[{'designator': '12', 'trueHeading': 120, 'alignedTrueNorth': False, 'operations': 0, 'mainRunway': True, 'turnDirection': 2, 'takeOffOnly': False, 'landingOnly': False, 'surface': {'composition': [0], 'mainComposite': 0, 'condition': 0}, 'dimension': {'length': {'value': 2000, 'unit': 0}, 'width': {'value': 35, 'unit': 0}}, 'declaredDistance': {'tora': {'value': 2000, 'unit': 0}, 'lda': {'value': 2000, 'unit': 0}}, 'pilotCtrlLighting': False, '_id': '626151595e9ded5710451deb'}, {'designator': '30', 'trueHeading': 300, 'alignedTrueNorth': False, 'operations': 0, 'mainRunway': True, 'turnDirection': 2, 'takeOffOnly': False, 'landingOnly': False, 'surface': {'composition': [0], 'mainComposite': 0, 'condition': 0}, 'dimension': {'length': {'value': 2000, 'unit': 0}, 'width': {'value': 35, 'unit': 0}}, 'declaredDistance': {'tora': {'value': 2000, 'unit': 0}, 'lda': {'value': 2000, 'unit': 0}}, 'pilotCtrlLighting': False, '_id': '626151595e9ded5710451dec'}]",1,65.8383,21.4688,POINT (21.4688 65.8383)
ESNJ,2,[0],"[{'designator': '14', 'trueHeading': 140, 'alignedTrueNorth': False, 'operations': 0, 'mainRunway': True, 'turnDirection': 2, 'takeOffOnly': False, 'landingOnly': False, 'surface': {'composition': [0], 'mainComposite': 0, 'condition': 0}, 'dimension': {'length': {'value': 2000, 'unit': 0}, 'width': {'value': 24, 'unit': 0}}, 'declaredDistance': {'tora': {'value': 2000, 'unit': 0}, 'lda': {'value': 2000, 'unit': 0}}, 'pilotCtrlLighting': False, '_id': '6261515a4b027aab592b4138'}, {'designator': '32', 'trueHeading': 320, 'alignedTrueNorth': False, 'operations': 0, 'mainRunway': True, 'turnDirection': 2, 'takeOffOnly': False, 'landingOnly': False, 'surface': {'composition': [0], 'mainComposite': 0, 'condition': 0}, 'dimension': {'length': {'value': 2000, 'unit': 0}, 'width': {'value': 24, 'unit': 0}}, 'declaredDistance': {'tora': {'value': 2000, 'unit': 0}, 'lda': {'value': 2000, 'unit': 0}}, 'pilotCtrlLighting': False, '_id': '6261515a4b027aab592b4139'}]",276,66.4962,20.1472,POINT (20.1472 66.4962)
ESUK,2,[0],"[{'designator': '05', 'trueHeading': 50, 'alignedTrueNorth': False, 'operations': 0, 'mainRunway': False, 'turnDirection': 2, 'takeOffOnly': False, 'landingOnly': False, 'surface': {'composition': [0], 'mainComposite': 0, 'condition': 0}, 'dimension': {'length': {'value': 919, 'unit': 0}, 'width': {'value': 39, 'unit': 0}}, 'declaredDistance': {'tora': {'value': 919, 'unit': 0}, 'lda': {'value': 919, 'unit': 0}}, 'pilotCtrlLighting': False, '_id': '6261515a4b027aab592b414c'}, {'designator': '23', 'trueHeading': 230, 'alignedTrueNorth': False, 'operations': 0, 'mainRunway': False, 'turnDirection': 2, 'takeOffOnly': False, 'landingOnly': False, 'surface': {'composition': [0], 'mainComposite': 0, 'condition': 0}, 'dimension': {'length': {'value': 919, 'unit': 0}, 'width': {'value': 39, 'unit': 0}}, 'declaredDistance': {'tora': {'value': 919, 'unit': 0}, 'lda': {'value': 919, 'unit': 0}}, 'pilotCtrlLighting': False, '_id': '6261515a4b027aab592b414d'}, {'designator': '11', 'trueHeading': 110, 'alignedTrueNorth': False, 'operations': 0, 'mainRunway': False, 'turnDirection': 2, 'takeOffOnly': False, 'landingOnly': False, 'surface': {'composition': [0], 'mainComposite': 0, 'condition': 0}, 'dimension': {'length': {'value': 918, 'unit': 0}, 'width': {'value': 39, 'unit': 0}}, 'declaredDistance': {'tora': {'value': 918, 'unit': 0}, 'lda': {'value': 918, 'unit': 0}}, 'pilotCtrlLighting': False, '_id': '6261515a4b027aab592b414e'}, {'designator': '29', 'trueHeading': 290, 'alignedTrueNorth': False, 'operations': 0, 'mainRunway': False, 'turnDirection': 2, 'takeOffOnly': False, 'landingOnly': False, 'surface': {'composition': [0], 'mainComposite': 0, 'condition': 0}, 'dimension': {'length': {'value': 918, 'unit': 0}, 'width': {'value': 39, 'unit': 0}}, 'declaredDistance': {'tora': {'value': 918, 'unit': 0}, 'lda': {'value': 918, 'unit': 0}}, 'pilotCtrlLighting': False, '_id': '6261515a4b027aab592b414f'}, {'designator': '17', 'trueHeading': 170, 'alignedTrueNorth': False, 'operations': 0, 'mainRunway': True, 'turnDirection': 2, 'takeOffOnly': False, 'landingOnly': False, 'surface': {'composition': [0], 'mainComposite': 0, 'condition': 0}, 'dimension': {'length': {'value': 1203, 'unit': 0}, 'width': {'value': 39, 'unit': 0}}, 'declaredDistance': {'tora': {'value': 1203, 'unit': 0}, 'lda': {'value': 1203, 'unit': 0}}, 'pilotCtrlLighting': False, '_id': '6261515a4b027aab592b4150'}, {'designator': '35', 'trueHeading': 350, 'alignedTrueNorth': False, 'operations': 0, 'mainRunway': True, 'turnDirection': 2, 'takeOffOnly': False, 'landingOnly': False, 'surface': {'composition': [0], 'mainComposite': 0, 'condition': 0}, 'dimension': {'length': {'value': 1203, 'unit': 0}, 'width': {'value': 39, 'unit': 0}}, 'declaredDistance': {'tora': {'value': 1203, 'unit': 0}, 'lda': {'value': 1203, 'unit': 0}}, 'pilotCtrlLighting': False, '_id': '6261515a4b027aab592b4151'}]",472,67.7648,20.2572,POINT (20.2572 67.76479999999999)
ESKK,2,[0],"[{'designator': '03', 'trueHeading': 30, 'alignedTrueNorth': False, 'operations': 0, 'mainRunway': True, 'turnDirection': 2, 'takeOffOnly': False, 'landingOnly': False, 'surface': {'composition': [0], 'mainComposite': 0, 'condition': 0}, 'dimension': {'length': {'value': 1499, 'unit': 0}, 'width': {'value': 29, 'unit': 0}}, 'declaredDistance': {'tora': {'value': 1499, 'unit': 0}, 'lda': {'value': 1499, 'unit': 0}}, 'pilotCtrlLighting': False, '_id': '6261515a5e9ded5710451e97'}, {'designator': '21', 'trueHeading': 210, 'alignedTrueNorth': False, 'operations': 0, 'mainRunway': True, 'turnDirection': 2, 'takeOffOnly': False, 'landingOnly': False, 'surface': {'composition': [0], 'mainComposite': 0, 'condition': 0}, 'dimension': {'length': {'value': 1499, 'unit': 0}, 'width': {'value': 29, 'unit': 0}}, 'declaredDistance': {'tora': {'value': 1499, 'unit': 0}, 'lda': {'value': 1499, 'unit': 0}}, 'pilotCtrlLighting': False, '_id': '6261515a5e9ded5710451e98'}]",122,59.3459,14.4959,POINT (14.4959 59.3459)
ESNI,2,[0],"[{'designator': '16', 'trueHeading': 160, 'alignedTrueNorth': False, 'operations': 0, 'mainRunway': True, 'turnDirection': 2, 'takeOffOnly': False, 'landingOnly': False, 'surface': {'composition': [0], 'mainComposite': 0, 'condition': 0}, 'dimension': {'length': {'value': 1900, 'unit': 0}, 'width': {'value': 30, 'unit': 0}}, 'declaredDistance': {'tora': {'value': 1900, 'unit': 0}, 'lda': {'value': 1900, 'unit': 0}}, 'pilotCtrlLighting': False, '_id': '6261515c5e9ded5710451f01'}, {'designator': '34', 'trueHeading': 340, 'alignedTrueNorth': False, 'operations': 0, 'mainRunway': True, 'turnDirection': 2, 'takeOffOnly': False, 'landingOnly': False, 'surface': {'composition': [0], 'mainComposite': 0, 'condition': 0}, 'dimension': {'length': {'value': 1900, 'unit': 0}, 'width': {'value': 30, 'unit': 0}}, 'declaredDistance': {'tora': {'value': 1900, 'unit': 0}, 'lda': {'value': 1900, 'unit': 0}}, 'pilotCtrlLighting': False, '_id': '6261515c5e9ded5710451f02'}]",5,63.6325,17.936,POINT (17.936 63.6325)
ESML,2,[0],"[{'designator': '12L', 'trueHeading': 120, 'alignedTrueNorth': False, 'operations': 0, 'mainRunway': False, 'turnDirection': 2, 'takeOffOnly': False, 'landingOnly': False, 'surface': {'composition': [2], 'mainComposite': 2, 'condition': 0}, 'dimension': {'length': {'value': 1050, 'unit': 0}, 'width': {'value': 89, 'unit': 0}}, 'declaredDistance': {'tora': {'value': 1050, 'unit': 0}, 'lda': {'value': 1050, 'unit': 0}}, 'pilotCtrlLighting': False, '_id': '6261515c4b027aab592b4200'}, {'designator': '30R', 'trueHeading': 300, 'alignedTrueNorth': False, 'operations': 0, 'mainRunway': False, 'turnDirection': 2, 'takeOffOnly': False, 'landingOnly': False, 'surface': {'composition': [2], 'mainComposite': 2, 'condition': 0}, 'dimension': {'length': {'value': 1050, 'unit': 0}, 'width': {'value': 89, 'unit': 0}}, 'declaredDistance': {'tora': {'value': 1050, 'unit': 0}, 'lda': {'value': 1050, 'unit': 0}}, 'pilotCtrlLighting': False, '_id': '6261515c4b027aab592b4201'}, {'designator': '12R', 'trueHeading': 120, 'alignedTrueNorth': False, 'operations': 0, 'mainRunway': True, 'turnDirection': 2, 'takeOffOnly': False, 'landingOnly': False, 'surface': {'composition': [0], 'mainComposite': 0, 'condition': 0}, 'dimension': {'length': {'value': 1179, 'unit': 0}, 'width': {'value': 29, 'unit': 0}}, 'declaredDistance': {'tora': {'value': 1179, 'unit': 0}, 'lda': {'value': 1179, 'unit': 0}}, 'pilotCtrlLighting': False, '_id': '6261515c4b027aab592b4202'}, {'designator': '30L', 'trueHeading': 300, 'alignedTrueNorth': False, 'operations': 0, 'mainRunway': True, 'turnDirection': 2, 'takeOffOnly': False, 'landingOnly': False, 'surface': {'composition': [0], 'mainComposite': 0, 'condition': 0}, 'dimension': {'length': {'value': 1179, 'unit': 0}, 'width': {'value': 29, 'unit': 0}}, 'declaredDistance': {'tora': {'value': 1179, 'unit': 0}, 'lda': {'value': 1179, 'unit': 0}}, 'pilotCtrlLighting': False, '_id': '6261515c4b027aab592b4203'}]",59,55.946,12.87,POINT (12.87 55.946)
ESSH,2,[0],"[{'designator': '03', 'trueHeading': 33, 'alignedTrueNorth': False, 'operations': 0, 'mainRunway': True, 'turnDirection': 2, 'takeOffOnly': False, 'landingOnly': False, 'surface': {'composition': [0], 'mainComposite': 0, 'condition': 0}, 'dimension': {'length': {'value': 850, 'unit': 0}, 'width': {'value': 25, 'unit': 0}}, 'declaredDistance': {'tora': {'value': 850, 'unit': 0}, 'lda': {'value': 850, 'unit': 0}}, 'pilotCtrlLighting': False, '_id': '6261515d5e9ded5710451f1b'}, {'designator': '21', 'trueHeading': 213, 'alignedTrueNorth': False, 'operations': 0, 'mainRunway': True, 'turnDirection': 2, 'takeOffOnly': False, 'landingOnly': False, 'surface': {'composition': [0], 'mainComposite': 0, 'condition': 0}, 'dimension': {'length': {'value': 850, 'unit': 0}, 'width': {'value': 25, 'unit': 0}}, 'declaredDistance': {'tora': {'value': 850, 'unit': 0}, 'lda': {'value': 850, 'unit': 0}}, 'pilotCtrlLighting': False, '_id': '6261515d5e9ded5710451f1c'}]",118,58.978611111111,14.666388888889,POINT (14.666388888889 58.978611111111)
ESGL,2,[0],"[{'designator': '06', 'trueHeading': 59, 'alignedTrueNorth': False, 'operations': 0, 'mainRunway': True, 'turnDirection': 2, 'takeOffOnly': False, 'landingOnly': False, 'surface': {'composition': [0], 'mainComposite': 0, 'condition': 0}, 'dimension': {'length': {'value': 1990, 'unit': 0}, 'width': {'value': 45, 'unit': 0}}, 'declaredDistance': {'tora': {'value': 1990, 'unit': 0}, 'lda': {'value': 1990, 'unit': 0}}, 'pilotCtrlLighting': True, '_id': '6261515dcb27f42509465eb0'}, {'designator': '24', 'trueHeading': 239, 'alignedTrueNorth': False, 'operations': 0, 'mainRunway': True, 'turnDirection': 2, 'takeOffOnly': False, 'landingOnly': False, 'surface': {'composition': [0], 'mainComposite': 0, 'condition': 0}, 'dimension': {'length': {'value': 1990, 'unit': 0}, 'width': {'value': 45, 'unit': 0}}, 'declaredDistance': {'tora': {'value': 1990, 'unit': 0}, 'lda': {'value': 1990, 'unit': 0}}, 'pilotCtrlLighting': True, '_id': '6261515dcb27f42509465eb1'}]",61,58.4655,13.1744,POINT (13.1744 58.4655)
ESPA,0,"[0, 1]","[{'designator': '14', 'trueHeading': 127, 'alignedTrueNorth': False, 'operations': 0, 'mainRunway': True, 'turnDirection': 2, 'takeOffOnly': False, 'landingOnly': False, 'surface': {'composition': [0], 'mainComposite': 0, 'condition': 0, 'pcn': '60/F/B/X/T'}, 'dimension': {'length': {'value': 3350, 'unit': 0}, 'width': {'value': 45, 'unit': 0}}, 'declaredDistance': {'tora': {'value': 3350, 'unit': 0}, 'lda': {'value': 3350, 'unit': 0}}, 'pilotCtrlLighting': False, 'visualApproachAids': [1], '_id': '6261515d5e9ded5710451f4d'}, {'designator': '32', 'trueHeading': 307, 'alignedTrueNorth': False, 'operations': 0, 'mainRunway': True, 'turnDirection': 2, 'takeOffOnly': False, 'landingOnly': False, 'surface': {'composition': [0], 'mainComposite': 0, 'condition': 0, 'pcn': '60/F/B/X/T'}, 'dimension': {'length': {'value': 3350, 'unit': 0}, 'width': {'value': 45, 'unit': 0}}, 'declaredDistance': {'tora': {'value': 3350, 'unit': 0}, 'lda': {'value': 3350, 'unit': 0}}, 'pilotCtrlLighting': False, '_id': '6261515d5e9ded5710451f4e'}]",20,65.543333333333,22.123611111111,POINT (22.123611111111 65.543333333333)
ESSG,2,[0],"[{'designator': '01', 'trueHeading': 10, 'alignedTrueNorth': False, 'operations': 0, 'mainRunway': True, 'turnDirection': 2, 'takeOffOnly': False, 'landingOnly': False, 'surface': {'composition': [0], 'mainComposite': 0, 'condition': 0}, 'dimension': {'length': {'value': 819, 'unit': 0}, 'width': {'value': 30, 'unit': 0}}, 'declaredDistance': {'tora': {'value': 819, 'unit': 0}, 'lda': {'value': 819, 'unit': 0}}, 'pilotCtrlLighting': False, '_id': '6261515d4b027aab592b4273'}, {'designator': '19', 'trueHeading': 190, 'alignedTrueNorth': False, 'operations': 0, 'mainRunway': True, 'turnDirection': 2, 'takeOffOnly': False, 'landingOnly': False, 'surface': {'composition': [0], 'mainComposite': 0, 'condition': 0}, 'dimension': {'length': {'value': 819, 'unit': 0}, 'width': {'value': 30, 'unit': 0}}, 'declaredDistance': {'tora': {'value': 819, 'unit': 0}, 'lda': {'value': 819, 'unit': 0}}, 'pilotCtrlLighting': False, '_id': '6261515d4b027aab592b4274'}]",272,60.0883,15.0964,POINT (15.0964 60.0883)
ESVM,2,[0],"[{'designator': '16', 'trueHeading': 160, 'alignedTrueNorth': False, 'operations': 0, 'mainRunway': True, 'turnDirection': 2, 'takeOffOnly': False, 'landingOnly': False, 'surface': {'composition': [0], 'mainComposite': 0, 'condition': 0}, 'dimension': {'length': {'value': 800, 'unit': 0}, 'width': {'value': 23, 'unit': 0}}, 'declaredDistance': {'tora': {'value': 800, 'unit': 0}, 'lda': {'value': 800, 'unit': 0}}, 'pilotCtrlLighting': False, '_id': '6261515ecb27f42509465ef5'}, {'designator': '34', 'trueHeading': 340, 'alignedTrueNorth': False, 'operations': 0, 'mainRunway': True, 'turnDirection': 2, 'takeOffOnly': False, 'landingOnly': False, 'surface': {'composition': [0], 'mainComposite': 0, 'condition': 0}, 'dimension': {'length': {'value': 800, 'unit': 0}, 'width': {'value': 23, 'unit': 0}}, 'declaredDistance': {'tora': {'value': 800, 'unit': 0}, 'lda': {'value': 800, 'unit': 0}}, 'pilotCtrlLighting': False, '_id': '6261515ecb27f42509465ef6'}]",298,60.6588,13.7266,POINT (13.7266 60.6588)
ESMS,3,"[0, 1]","[{'designator': '11', 'trueHeading': 101, 'alignedTrueNorth': False, 'operations': 0, 'mainRunway': False, 'turnDirection': 2, 'takeOffOnly': False, 'landingOnly': False, 'surface': {'composition': [0], 'mainComposite': 0, 'condition': 0, 'pcn': '15/F/B/X/T'}, 'dimension': {'length': {'value': 799, 'unit': 0}, 'width': {'value': 18, 'unit': 0}}, 'declaredDistance': {'tora': {'value': 799, 'unit': 0}, 'lda': {'value': 799, 'unit': 0}}, 'pilotCtrlLighting': False, '_id': '6261515e5e9ded5710451f73'}, {'designator': '29', 'trueHeading': 281, 'alignedTrueNorth': False, 'operations': 0, 'mainRunway': False, 'turnDirection': 2, 'takeOffOnly': False, 'landingOnly': False, 'surface': {'composition': [0], 'mainComposite': 0, 'condition': 0, 'pcn': '15/F/B/X/T'}, 'dimension': {'length': {'value': 799, 'unit': 0}, 'width': {'value': 18, 'unit': 0}}, 'declaredDistance': {'tora': {'value': 799, 'unit': 0}, 'lda': {'value': 799, 'unit': 0}}, 'pilotCtrlLighting': False, '_id': '6261515e5e9ded5710451f74'}, {'designator': '17', 'trueHeading': 169, 'alignedTrueNorth': False, 'operations': 0, 'mainRunway': True, 'turnDirection': 2, 'takeOffOnly': False, 'landingOnly': False, 'surface': {'composition': [0], 'mainComposite': 0, 'condition': 0, 'pcn': '80/F/B/X/T'}, 'dimension': {'length': {'value': 2800, 'unit': 0}, 'width': {'value': 45, 'unit': 0}}, 'declaredDistance': {'tora': {'value': 2800, 'unit': 0}, 'lda': {'value': 2800, 'unit': 0}}, 'pilotCtrlLighting': False, 'visualApproachAids': [1], '_id': '6261515e5e9ded5710451f75'}, {'designator': '35', 'trueHeading': 349, 'alignedTrueNorth': False, 'operations': 0, 'mainRunway': True, 'turnDirection': 2, 'takeOffOnly': False, 'landingOnly': False, 'surface': {'composition': [0], 'mainComposite': 0, 'condition': 0, 'pcn': '80/F/B/X/T'}, 'dimension': {'length': {'value': 2800, 'unit': 0}, 'width': {'value': 45, 'unit': 0}}, 'declaredDistance': {'tora': {'value': 2800, 'unit': 0}, 'lda': {'value': 2800, 'unit': 0}}, 'pilotCtrlLighting': False, 'visualApproachAids': [1], '_id': '6261515e5e9ded5710451f76'}]",72,55.536111111111,13.376388888889,POINT (13.376388888889 55.536111111111)
ESSN,2,[0],"[{'designator': '07', 'trueHeading': 70, 'alignedTrueNorth': False, 'operations': 0, 'mainRunway': True, 'turnDirection': 2, 'takeOffOnly': False, 'landingOnly': False, 'surface': {'composition': [0], 'mainComposite': 0, 'condition': 0}, 'dimension': {'length': {'value': 635, 'unit': 0}, 'width': {'value': 18, 'unit': 0}}, 'declaredDistance': {'tora': {'value': 635, 'unit': 0}, 'lda': {'value': 635, 'unit': 0}}, 'pilotCtrlLighting': False, '_id': '6261515f4b027aab592b42e5'}, {'designator': '25', 'trueHeading': 250, 'alignedTrueNorth': False, 'operations': 0, 'mainRunway': True, 'turnDirection': 2, 'takeOffOnly': False, 'landingOnly': False, 'surface': {'composition': [0], 'mainComposite': 0, 'condition': 0}, 'dimension': {'length': {'value': 635, 'unit': 0}, 'width': {'value': 18, 'unit': 0}}, 'declaredDistance': {'tora': {'value': 635, 'unit': 0}, 'lda': {'value': 635, 'unit': 0}}, 'pilotCtrlLighting': False, '_id': '6261515f4b027aab592b42e6'}]",12,59.7328,18.6964,POINT (18.6964 59.7328)
ESNM,2,[0],"[{'designator': '15', 'trueHeading': 150, 'alignedTrueNorth': False, 'operations': 0, 'mainRunway': False, 'turnDirection': 2, 'takeOffOnly': False, 'landingOnly': False, 'surface': {'composition': [2], 'mainComposite': 2, 'condition': 0}, 'dimension': {'length': {'value': 749, 'unit': 0}, 'width': {'value': 39, 'unit': 0}}, 'declaredDistance': {'tora': {'value': 749, 'unit': 0}, 'lda': {'value': 749, 'unit': 0}}, 'pilotCtrlLighting': False, '_id': '6261515f5e9ded5710451fe1'}, {'designator': '33', 'trueHeading': 330, 'alignedTrueNorth': False, 'operations': 0, 'mainRunway': False, 'turnDirection': 2, 'takeOffOnly': False, 'landingOnly': False, 'surface': {'composition': [2], 'mainComposite': 2, 'condition': 0}, 'dimension': {'length': {'value': 749, 'unit': 0}, 'width': {'value': 39, 'unit': 0}}, 'declaredDistance': {'tora': {'value': 749, 'unit': 0}, 'lda': {'value': 749, 'unit': 0}}, 'pilotCtrlLighting': False, '_id': '6261515f5e9ded5710451fe2'}, {'designator': '18R', 'trueHeading': 180, 'alignedTrueNorth': False, 'operations': 0, 'mainRunway': False, 'turnDirection': 2, 'takeOffOnly': False, 'landingOnly': False, 'surface': {'composition': [2], 'mainComposite': 2, 'condition': 0}, 'dimension': {'length': {'value': 879, 'unit': 0}, 'width': {'value': 29, 'unit': 0}}, 'declaredDistance': {'tora': {'value': 879, 'unit': 0}, 'lda': {'value': 879, 'unit': 0}}, 'pilotCtrlLighting': False, '_id': '6261515f5e9ded5710451fe3'}, {'designator': '36L', 'trueHeading': 360, 'alignedTrueNorth': False, 'operations': 0, 'mainRunway': False, 'turnDirection': 2, 'takeOffOnly': False, 'landingOnly': False, 'surface': {'composition': [2], 'mainComposite': 2, 'condition': 0}, 'dimension': {'length': {'value': 879, 'unit': 0}, 'width': {'value': 29, 'unit': 0}}, 'declaredDistance': {'tora': {'value': 879, 'unit': 0}, 'lda': {'value': 879, 'unit': 0}}, 'pilotCtrlLighting': False, '_id': '6261515f5e9ded5710451fe4'}, {'designator': '18', 'trueHeading': 180, 'alignedTrueNorth': False, 'operations': 0, 'mainRunway': True, 'turnDirection': 2, 'takeOffOnly': False, 'landingOnly': False, 'surface': {'composition': [0], 'mainComposite': 0, 'condition': 0}, 'dimension': {'length': {'value': 1000, 'unit': 0}, 'width': {'value': 18, 'unit': 0}}, 'declaredDistance': {'tora': {'value': 1000, 'unit': 0}, 'lda': {'value': 1000, 'unit': 0}}, 'pilotCtrlLighting': False, '_id': '6261515f5e9ded5710451fe5'}, {'designator': '36', 'trueHeading': 360, 'alignedTrueNorth': False, 'operations': 0, 'mainRunway': True, 'turnDirection': 2, 'takeOffOnly': False, 'landingOnly': False, 'surface': {'composition': [0], 'mainComposite': 0, 'condition': 0}, 'dimension': {'length': {'value': 1000, 'unit': 0}, 'width': {'value': 18, 'unit': 0}}, 'declaredDistance': {'tora': {'value': 1000, 'unit': 0}, 'lda': {'value': 1000, 'unit': 0}}, 'pilotCtrlLighting': False, '_id': '6261515f5e9ded5710451fe6'}]",377,63.128888888889,14.801944444444,POINT (14.801944444444 63.128888888889)
ESNR,2,[0],"[{'designator': '03', 'trueHeading': 30, 'alignedTrueNorth': False, 'operations': 0, 'mainRunway': True, 'turnDirection': 2, 'takeOffOnly': False, 'landingOnly': False, 'surface': {'composition': [0], 'mainComposite': 0, 'condition': 0}, 'dimension': {'length': {'value': 1000, 'unit': 0}, 'width': {'value': 30, 'unit': 0}}, 'declaredDistance': {'tora': {'value': 1000, 'unit': 0}, 'lda': {'value': 1000, 'unit': 0}}, 'pilotCtrlLighting': False, '_id': '6261515f4b027aab592b42fd'}, {'designator': '21', 'trueHeading': 210, 'alignedTrueNorth': False, 'operations': 0, 'mainRunway': True, 'turnDirection': 2, 'takeOffOnly': False, 'landingOnly': False, 'surface': {'composition': [0], 'mainComposite': 0, 'condition': 0}, 'dimension': {'length': {'value': 1000, 'unit': 0}, 'width': {'value': 30, 'unit': 0}}, 'declaredDistance': {'tora': {'value': 1000, 'unit': 0}, 'lda': {'value': 1000, 'unit': 0}}, 'pilotCtrlLighting': False, '_id': '6261515f4b027aab592b42fe'}]",208,61.19,14.7126,POINT (14.7126 61.19)
ESMO,2,[0],"[{'designator': '01', 'trueHeading': 1, 'alignedTrueNorth': False, 'operations': 0, 'mainRunway': True, 'turnDirection': 2, 'takeOffOnly': False, 'landingOnly': False, 'surface': {'composition': [0], 'mainComposite': 0, 'condition': 0}, 'dimension': {'length': {'value': 1503, 'unit': 0}, 'width': {'value': 29, 'unit': 0}}, 'declaredDistance': {'tora': {'value': 1503, 'unit': 0}, 'lda': {'value': 1503, 'unit': 0}}, 'pilotCtrlLighting': False, '_id': '6261515fcb27f42509465f42'}, {'designator': '19', 'trueHeading': 181, 'alignedTrueNorth': False, 'operations': 0, 'mainRunway': True, 'turnDirection': 2, 'takeOffOnly': False, 'landingOnly': False, 'surface': {'composition': [0], 'mainComposite': 0, 'condition': 0}, 'dimension': {'length': {'value': 1503, 'unit': 0}, 'width': {'value': 29, 'unit': 0}}, 'declaredDistance': {'tora': {'value': 1503, 'unit': 0}, 'lda': {'value': 1503, 'unit': 0}}, 'pilotCtrlLighting': False, '_id': '6261515fcb27f42509465f43'}]",29,57.3505,16.498,POINT (16.498 57.3505)
ESNP,2,[0],"[{'designator': '16', 'trueHeading': 160, 'alignedTrueNorth': False, 'operations': 0, 'mainRunway': True, 'turnDirection': 2, 'takeOffOnly': False, 'landingOnly': False, 'surface': {'composition': [0], 'mainComposite': 0, 'condition': 0}, 'dimension': {'length': {'value': 1000, 'unit': 0}, 'width': {'value': 24, 'unit': 0}}, 'declaredDistance': {'tora': {'value': 1000, 'unit': 0}, 'lda': {'value': 1000, 'unit': 0}}, 'pilotCtrlLighting': False, '_id': '62615160cb27f42509465f56'}, {'designator': '34', 'trueHeading': 340, 'alignedTrueNorth': False, 'operations': 0, 'mainRunway': True, 'turnDirection': 2, 'takeOffOnly': False, 'landingOnly': False, 'surface': {'composition': [0], 'mainComposite': 0, 'condition': 0}, 'dimension': {'length': {'value': 1000, 'unit': 0}, 'width': {'value': 24, 'unit': 0}}, 'declaredDistance': {'tora': {'value': 1000, 'unit': 0}, 'lda': {'value': 1000, 'unit': 0}}, 'pilotCtrlLighting': False, '_id': '62615160cb27f42509465f57'}]",13,65.3983,21.2608,POINT (21.2608 65.39830000000001)
ESDF,0,"[0, 1]","[{'designator': '12', 'trueHeading': 108, 'alignedTrueNorth': False, 'operations': 0, 'mainRunway': False, 'turnDirection': 2, 'takeOffOnly': False, 'landingOnly': False, 'surface': {'composition': [2], 'mainComposite': 2, 'condition': 0}, 'dimension': {'length': {'value': 600, 'unit': 0}, 'width': {'value': 30, 'unit': 0}}, 'declaredDistance': {'tora': {'value': 600, 'unit': 0}, 'lda': {'value': 600, 'unit': 0}}, 'pilotCtrlLighting': False, '_id': '626151605e9ded5710452030'}, {'designator': '30', 'trueHeading': 288, 'alignedTrueNorth': False, 'operations': 0, 'mainRunway': False, 'turnDirection': 2, 'takeOffOnly': False, 'landingOnly': False, 'surface': {'composition': [2], 'mainComposite': 2, 'condition': 0}, 'dimension': {'length': {'value': 600, 'unit': 0}, 'width': {'value': 30, 'unit': 0}}, 'declaredDistance': {'tora': {'value': 600, 'unit': 0}, 'lda': {'value': 600, 'unit': 0}}, 'pilotCtrlLighting': False, '_id': '626151605e9ded5710452031'}, {'designator': '01', 'trueHeading': 4, 'alignedTrueNorth': False, 'operations': 0, 'mainRunway': True, 'turnDirection': 2, 'takeOffOnly': False, 'landingOnly': False, 'surface': {'composition': [0], 'mainComposite': 0, 'condition': 0}, 'dimension': {'length': {'value': 2331, 'unit': 0}, 'width': {'value': 45, 'unit': 0}}, 'declaredDistance': {'tora': {'value': 2331, 'unit': 0}, 'lda': {'value': 2331, 'unit': 0}}, 'pilotCtrlLighting': False, 'visualApproachAids': [1], '_id': '626151605e9ded5710452032'}, {'designator': '19', 'trueHeading': 184, 'alignedTrueNorth': False, 'operations': 0, 'mainRunway': True, 'turnDirection': 2, 'takeOffOnly': False, 'landingOnly': False, 'surface': {'composition': [0], 'mainComposite': 0, 'condition': 0}, 'dimension': {'length': {'value': 2331, 'unit': 0}, 'width': {'value': 45, 'unit': 0}}, 'declaredDistance': {'tora': {'value': 2331, 'unit': 0}, 'lda': {'value': 2331, 'unit': 0}}, 'pilotCtrlLighting': False, 'visualApproachAids': [1], '_id': '626151605e9ded5710452033'}]",58,56.267222222222,15.265277777778,POINT (15.265277777778 56.267222222222)
ESVS,2,[0],"[{'designator': '14', 'trueHeading': 140, 'alignedTrueNorth': False, 'operations': 0, 'mainRunway': True, 'turnDirection': 2, 'takeOffOnly': False, 'landingOnly': False, 'surface': {'composition': [0], 'mainComposite': 0, 'condition': 0}, 'dimension': {'length': {'value': 850, 'unit': 0}, 'width': {'value': 16, 'unit': 0}}, 'declaredDistance': {'tora': {'value': 850, 'unit': 0}, 'lda': {'value': 850, 'unit': 0}}, 'pilotCtrlLighting': False, '_id': '626151615e9ded5710452053'}, {'designator': '32', 'trueHeading': 320, 'alignedTrueNorth': False, 'operations': 0, 'mainRunway': True, 'turnDirection': 2, 'takeOffOnly': False, 'landingOnly': False, 'surface': {'composition': [0], 'mainComposite': 0, 'condition': 0}, 'dimension': {'length': {'value': 850, 'unit': 0}, 'width': {'value': 16, 'unit': 0}}, 'declaredDistance': {'tora': {'value': 850, 'unit': 0}, 'lda': {'value': 850, 'unit': 0}}, 'pilotCtrlLighting': False, '_id': '626151615e9ded5710452054'}]",186,60.7851,14.8272,POINT (14.8272 60.7851)
ESMY,2,[0],"[{'designator': '04', 'trueHeading': 40, 'alignedTrueNorth': False, 'operations': 0, 'mainRunway': True, 'turnDirection': 2, 'takeOffOnly': False, 'landingOnly': False, 'surface': {'composition': [0], 'mainComposite': 0, 'condition': 0}, 'dimension': {'length': {'value': 900, 'unit': 0}, 'width': {'value': 15, 'unit': 0}}, 'declaredDistance': {'tora': {'value': 900, 'unit': 0}, 'lda': {'value': 900, 'unit': 0}}, 'pilotCtrlLighting': False, '_id': '626151614b027aab592b43a1'}, {'designator': '22', 'trueHeading': 220, 'alignedTrueNorth': False, 'operations': 0, 'mainRunway': True, 'turnDirection': 2, 'takeOffOnly': False, 'landingOnly': False, 'surface': {'composition': [0], 'mainComposite': 0, 'condition': 0}, 'dimension': {'length': {'value': 900, 'unit': 0}, 'width': {'value': 15, 'unit': 0}}, 'declaredDistance': {'tora': {'value': 900, 'unit': 0}, 'lda': {'value': 900, 'unit': 0}}, 'pilotCtrlLighting': False, '_id': '626151614b027aab592b43a2'}]",158,57.168333333333,13.439722222222,POINT (13.439722222222 57.168333333333)
ESNB,2,[0],"[{'designator': '14', 'trueHeading': 140, 'alignedTrueNorth': False, 'operations': 0, 'mainRunway': True, 'turnDirection': 2, 'takeOffOnly': False, 'landingOnly': False, 'surface': {'composition': [0], 'mainComposite': 0, 'condition': 0}, 'dimension': {'length': {'value': 800, 'unit': 0}, 'width': {'value': 20, 'unit': 0}}, 'declaredDistance': {'tora': {'value': 800, 'unit': 0}, 'lda': {'value': 800, 'unit': 0}}, 'pilotCtrlLighting': False, '_id': '626151614b027aab592b43b3'}, {'designator': '32', 'trueHeading': 320, 'alignedTrueNorth': False, 'operations': 0, 'mainRunway': True, 'turnDirection': 2, 'takeOffOnly': False, 'landingOnly': False, 'surface': {'composition': [0], 'mainComposite': 0, 'condition': 0}, 'dimension': {'length': {'value': 800, 'unit': 0}, 'width': {'value': 20, 'unit': 0}}, 'declaredDistance': {'tora': {'value': 800, 'unit': 0}, 'lda': {'value': 800, 'unit': 0}}, 'pilotCtrlLighting': False, '_id': '626151614b027aab592b43b4'}]",1,63.1712,16.9852,POINT (16.9852 63.1712)
ESSA,3,"[0, 1]","[{'designator': '01L', 'trueHeading': 4, 'alignedTrueNorth': False, 'operations': 0, 'mainRunway': True, 'turnDirection': 2, 'takeOffOnly': False, 'landingOnly': False, 'surface': {'composition': [0], 'mainComposite': 0, 'condition': 0, 'pcn': '119/F/A/X/T'}, 'dimension': {'length': {'value': 3301, 'unit': 0}, 'width': {'value': 45, 'unit': 0}}, 'declaredDistance': {'tora': {'value': 3301, 'unit': 0}, 'lda': {'value': 3301, 'unit': 0}}, 'pilotCtrlLighting': False, 'visualApproachAids': [1], '_id': '62615162cb27f42509465fa8'}, {'designator': '19R', 'trueHeading': 184, 'alignedTrueNorth': False, 'operations': 0, 'mainRunway': True, 'turnDirection': 2, 'takeOffOnly': False, 'landingOnly': False, 'surface': {'composition': [0], 'mainComposite': 0, 'condition': 0, 'pcn': '119/F/A/X/T'}, 'dimension': {'length': {'value': 3301, 'unit': 0}, 'width': {'value': 45, 'unit': 0}}, 'declaredDistance': {'tora': {'value': 3301, 'unit': 0}, 'lda': {'value': 3301, 'unit': 0}}, 'pilotCtrlLighting': False, '_id': '62615162cb27f42509465fa9'}, {'designator': '01R', 'trueHeading': 4, 'alignedTrueNorth': False, 'operations': 0, 'mainRunway': False, 'turnDirection': 2, 'takeOffOnly': False, 'landingOnly': False, 'surface': {'composition': [0], 'mainComposite': 0, 'condition': 0, 'pcn': '80/F/A/X/T'}, 'dimension': {'length': {'value': 2500, 'unit': 0}, 'width': {'value': 45, 'unit': 0}}, 'declaredDistance': {'tora': {'value': 2500, 'unit': 0}, 'lda': {'value': 2500, 'unit': 0}}, 'pilotCtrlLighting': False, 'visualApproachAids': [1], '_id': '62615162cb27f42509465faa'}, {'designator': '19L', 'trueHeading': 184, 'alignedTrueNorth': False, 'operations': 0, 'mainRunway': False, 'turnDirection': 2, 'takeOffOnly': False, 'landingOnly': False, 'surface': {'composition': [0], 'mainComposite': 0, 'condition': 0, 'pcn': '80/F/A/X/T'}, 'dimension': {'length': {'value': 2500, 'unit': 0}, 'width': {'value': 45, 'unit': 0}}, 'declaredDistance': {'tora': {'value': 2500, 'unit': 0}, 'lda': {'value': 2500, 'unit': 0}}, 'pilotCtrlLighting': False, '_id': '62615162cb27f42509465fab'}, {'designator': '08', 'trueHeading': 70, 'alignedTrueNorth': False, 'operations': 0, 'mainRunway': False, 'turnDirection': 2, 'takeOffOnly': False, 'landingOnly': False, 'surface': {'composition': [0], 'mainComposite': 0, 'condition': 0, 'pcn': '90/F/B/X/T'}, 'dimension': {'length': {'value': 2500, 'unit': 0}, 'width': {'value': 45, 'unit': 0}}, 'declaredDistance': {'tora': {'value': 2500, 'unit': 0}, 'lda': {'value': 2500, 'unit': 0}}, 'pilotCtrlLighting': False, 'visualApproachAids': [1], '_id': '62615162cb27f42509465fac'}, {'designator': '26', 'trueHeading': 250, 'alignedTrueNorth': False, 'operations': 0, 'mainRunway': False, 'turnDirection': 2, 'takeOffOnly': False, 'landingOnly': False, 'surface': {'composition': [0], 'mainComposite': 0, 'condition': 0, 'pcn': '90/F/B/X/T'}, 'dimension': {'length': {'value': 2500, 'unit': 0}, 'width': {'value': 45, 'unit': 0}}, 'declaredDistance': {'tora': {'value': 2500, 'unit': 0}, 'lda': {'value': 2500, 'unit': 0}}, 'pilotCtrlLighting': False, '_id': '62615162cb27f42509465fad'}]",29,59.6519,17.9186,POINT (17.9186 59.6519)
ESOL,2,[0],"[{'designator': '06', 'trueHeading': 60, 'alignedTrueNorth': False, 'operations': 0, 'mainRunway': True, 'turnDirection': 2, 'takeOffOnly': False, 'landingOnly': False, 'surface': {'composition': [0], 'mainComposite': 0, 'condition': 0}, 'dimension': {'length': {'value': 620, 'unit': 0}, 'width': {'value': 23, 'unit': 0}}, 'declaredDistance': {'tora': {'value': 620, 'unit': 0}, 'lda': {'value': 470, 'unit': 0}}, 'pilotCtrlLighting': False, '_id': '626151635e9ded57104520e0'}, {'designator': '24', 'trueHeading': 240, 'alignedTrueNorth': False, 'operations': 0, 'mainRunway': True, 'turnDirection': 2, 'takeOffOnly': False, 'landingOnly': False, 'surface': {'composition': [0], 'mainComposite': 0, 'condition': 0}, 'dimension': {'length': {'value': 620, 'unit': 0}, 'width': {'value': 23, 'unit': 0}}, 'declaredDistance': {'tora': {'value': 620, 'unit': 0}, 'lda': {'value': 620, 'unit': 0}}, 'pilotCtrlLighting': False, '_id': '626151635e9ded57104520e1'}]",64,60.5879,16.5868,POINT (16.5868 60.5879)
ESUD,2,[0],"[{'designator': '15', 'trueHeading': 150, 'alignedTrueNorth': False, 'operations': 0, 'mainRunway': True, 'turnDirection': 2, 'takeOffOnly': False, 'landingOnly': False, 'surface': {'composition': [0], 'mainComposite': 0, 'condition': 0}, 'dimension': {'length': {'value': 2282, 'unit': 0}, 'width': {'value': 39, 'unit': 0}}, 'declaredDistance': {'tora': {'value': 2282, 'unit': 0}, 'lda': {'value': 2282, 'unit': 0}}, 'pilotCtrlLighting': False, '_id': '62615163cb27f4250946602b'}, {'designator': '33', 'trueHeading': 330, 'alignedTrueNorth': False, 'operations': 0, 'mainRunway': True, 'turnDirection': 2, 'takeOffOnly': False, 'landingOnly': False, 'surface': {'composition': [0], 'mainComposite': 0, 'condition': 0}, 'dimension': {'length': {'value': 2282, 'unit': 0}, 'width': {'value': 39, 'unit': 0}}, 'declaredDistance': {'tora': {'value': 2282, 'unit': 0}, 'lda': {'value': 2282, 'unit': 0}}, 'pilotCtrlLighting': False, '_id': '62615163cb27f4250946602c'}]",279,64.9609,17.6966,POINT (17.6966 64.9609)
ESNY,2,[0],"[{'designator': '12', 'trueHeading': 126, 'alignedTrueNorth': False, 'operations': 0, 'mainRunway': True, 'turnDirection': 2, 'takeOffOnly': False, 'landingOnly': False, 'surface': {'composition': [0], 'mainComposite': 0, 'condition': 0}, 'dimension': {'length': {'value': 2523, 'unit': 0}, 'width': {'value': 39, 'unit': 0}}, 'declaredDistance': {'tora': {'value': 2523, 'unit': 0}, 'lda': {'value': 2523, 'unit': 0}}, 'pilotCtrlLighting': False, '_id': '62615164cb27f42509466073'}, {'designator': '30', 'trueHeading': 306, 'alignedTrueNorth': False, 'operations': 0, 'mainRunway': True, 'turnDirection': 2, 'takeOffOnly': False, 'landingOnly': False, 'surface': {'composition': [0], 'mainComposite': 0, 'condition': 0}, 'dimension': {'length': {'value': 2523, 'unit': 0}, 'width': {'value': 39, 'unit': 0}}, 'declaredDistance': {'tora': {'value': 2523, 'unit': 0}, 'lda': {'value': 2523, 'unit': 0}}, 'pilotCtrlLighting': False, '_id': '62615164cb27f42509466074'}]",27,61.2615,17.0991,POINT (17.0991 61.2615)
ESUM,2,[0],"[{'designator': '12', 'trueHeading': 120, 'alignedTrueNorth': False, 'operations': 0, 'mainRunway': True, 'turnDirection': 2, 'takeOffOnly': False, 'landingOnly': False, 'surface': {'composition': [0], 'mainComposite': 0, 'condition': 0}, 'dimension': {'length': {'value': 800, 'unit': 0}, 'width': {'value': 30, 'unit': 0}}, 'declaredDistance': {'tora': {'value': 800, 'unit': 0}, 'lda': {'value': 800, 'unit': 0}}, 'pilotCtrlLighting': False, '_id': '626151645e9ded571045213e'}, {'designator': '30', 'trueHeading': 300, 'alignedTrueNorth': False, 'operations': 0, 'mainRunway': True, 'turnDirection': 2, 'takeOffOnly': False, 'landingOnly': False, 'surface': {'composition': [0], 'mainComposite': 0, 'condition': 0}, 'dimension': {'length': {'value': 800, 'unit': 0}, 'width': {'value': 30, 'unit': 0}}, 'declaredDistance': {'tora': {'value': 800, 'unit': 0}, 'lda': {'value': 800, 'unit': 0}}, 'pilotCtrlLighting': False, '_id': '626151645e9ded571045213f'}]",66,61.2912,16.8463,POINT (16.8463 61.2912)
ESKT,2,[0],"[{'designator': '16', 'trueHeading': 160, 'alignedTrueNorth': False, 'operations': 0, 'mainRunway': True, 'turnDirection': 2, 'takeOffOnly': False, 'landingOnly': False, 'surface': {'composition': [0], 'mainComposite': 0, 'condition': 0}, 'dimension': {'length': {'value': 850, 'unit': 0}, 'width': {'value': 35, 'unit': 0}}, 'declaredDistance': {'tora': {'value': 850, 'unit': 0}, 'lda': {'value': 850, 'unit': 0}}, 'pilotCtrlLighting': False, '_id': '626151645e9ded5710452164'}, {'designator': '34', 'trueHeading': 340, 'alignedTrueNorth': False, 'operations': 0, 'mainRunway': True, 'turnDirection': 2, 'takeOffOnly': False, 'landingOnly': False, 'surface': {'composition': [0], 'mainComposite': 0, 'condition': 0}, 'dimension': {'length': {'value': 850, 'unit': 0}, 'width': {'value': 35, 'unit': 0}}, 'declaredDistance': {'tora': {'value': 850, 'unit': 0}, 'lda': {'value': 850, 'unit': 0}}, 'pilotCtrlLighting': False, '_id': '626151645e9ded5710452165'}]",39,60.350277777778,17.418888888889,POINT (17.418888888889 60.350277777778)
ESSW,2,[0],"[{'designator': '15', 'trueHeading': 146, 'alignedTrueNorth': False, 'operations': 0, 'mainRunway': True, 'turnDirection': 2, 'takeOffOnly': False, 'landingOnly': False, 'surface': {'composition': [0], 'mainComposite': 0, 'condition': 0, 'mtow': {'value': 10, 'unit': 9}}, 'dimension': {'length': {'value': 1199, 'unit': 0}, 'width': {'value': 30, 'unit': 0}}, 'declaredDistance': {'tora': {'value': 1199, 'unit': 0}, 'lda': {'value': 1199, 'unit': 0}}, 'pilotCtrlLighting': False, 'visualApproachAids': [1], '_id': '626151675e9ded571045222b'}, {'designator': '33', 'trueHeading': 326, 'alignedTrueNorth': False, 'operations': 0, 'mainRunway': True, 'turnDirection': 2, 'takeOffOnly': False, 'landingOnly': False, 'surface': {'composition': [0], 'mainComposite': 0, 'condition': 0, 'mtow': {'value': 10, 'unit': 9}}, 'dimension': {'length': {'value': 1199, 'unit': 0}, 'width': {'value': 30, 'unit': 0}}, 'declaredDistance': {'tora': {'value': 1199, 'unit': 0}, 'lda': {'value': 1199, 'unit': 0}}, 'pilotCtrlLighting': False, '_id': '626151675e9ded571045222c'}]",36,57.778333333333,16.525277777778,POINT (16.525277777778 57.778333333333)
ESSX,2,[0],"[{'designator': '16', 'trueHeading': 160, 'alignedTrueNorth': False, 'operations': 0, 'mainRunway': False, 'turnDirection': 2, 'takeOffOnly': False, 'landingOnly': False, 'surface': {'composition': [2], 'mainComposite': 2, 'condition': 0}, 'dimension': {'length': {'value': 700, 'unit': 0}, 'width': {'value': 50, 'unit': 0}}, 'declaredDistance': {'tora': {'value': 700, 'unit': 0}, 'lda': {'value': 700, 'unit': 0}}, 'pilotCtrlLighting': False, '_id': '626151675e9ded571045223f'}, {'designator': '34', 'trueHeading': 340, 'alignedTrueNorth': False, 'operations': 0, 'mainRunway': False, 'turnDirection': 2, 'takeOffOnly': False, 'landingOnly': False, 'surface': {'composition': [2], 'mainComposite': 2, 'condition': 0}, 'dimension': {'length': {'value': 700, 'unit': 0}, 'width': {'value': 50, 'unit': 0}}, 'declaredDistance': {'tora': {'value': 700, 'unit': 0}, 'lda': {'value': 700, 'unit': 0}}, 'pilotCtrlLighting': False, '_id': '626151675e9ded5710452240'}, {'designator': '05', 'trueHeading': 50, 'alignedTrueNorth': False, 'operations': 0, 'mainRunway': True, 'turnDirection': 2, 'takeOffOnly': False, 'landingOnly': False, 'surface': {'composition': [0], 'mainComposite': 0, 'condition': 0}, 'dimension': {'length': {'value': 850, 'unit': 0}, 'width': {'value': 23, 'unit': 0}}, 'declaredDistance': {'tora': {'value': 850, 'unit': 0}, 'lda': {'value': 850, 'unit': 0}}, 'pilotCtrlLighting': False, '_id': '626151675e9ded5710452241'}, {'designator': '23', 'trueHeading': 230, 'alignedTrueNorth': False, 'operations': 0, 'mainRunway': True, 'turnDirection': 2, 'takeOffOnly': False, 'landingOnly': False, 'surface': {'composition': [0], 'mainComposite': 0, 'condition': 0}, 'dimension': {'length': {'value': 850, 'unit': 0}, 'width': {'value': 23, 'unit': 0}}, 'declaredDistance': {'tora': {'value': 850, 'unit': 0}, 'lda': {'value': 850, 'unit': 0}}, 'pilotCtrlLighting': False, '_id': '626151675e9ded5710452242'}]",8,59.5758,16.5032,POINT (16.5032 59.5758)
ESGO,2,[0],"[{'designator': '04', 'trueHeading': 40, 'alignedTrueNorth': False, 'operations': 0, 'mainRunway': True, 'turnDirection': 2, 'takeOffOnly': False, 'landingOnly': False, 'surface': {'composition': [0], 'mainComposite': 0, 'condition': 0}, 'dimension': {'length': {'value': 890, 'unit': 0}, 'width': {'value': 30, 'unit': 0}}, 'declaredDistance': {'tora': {'value': 890, 'unit': 0}, 'lda': {'value': 890, 'unit': 0}}, 'pilotCtrlLighting': False, '_id': '62615167cb27f4250946613b'}, {'designator': '22', 'trueHeading': 220, 'alignedTrueNorth': False, 'operations': 0, 'mainRunway': True, 'turnDirection': 2, 'takeOffOnly': False, 'landingOnly': False, 'surface': {'composition': [0], 'mainComposite': 0, 'condition': 0}, 'dimension': {'length': {'value': 890, 'unit': 0}, 'width': {'value': 30, 'unit': 0}}, 'declaredDistance': {'tora': {'value': 890, 'unit': 0}, 'lda': {'value': 890, 'unit': 0}}, 'pilotCtrlLighting': False, '_id': '62615167cb27f4250946613c'}]",100,58.0394,12.7889,POINT (12.7889 58.0394)
ESNF,2,[0],"[{'designator': '12', 'trueHeading': 115, 'alignedTrueNorth': False, 'operations': 0, 'mainRunway': True, 'turnDirection': 2, 'takeOffOnly': False, 'landingOnly': False, 'surface': {'composition': [0], 'mainComposite': 0, 'condition': 0}, 'dimension': {'length': {'value': 2000, 'unit': 0}, 'width': {'value': 25, 'unit': 0}}, 'declaredDistance': {'tora': {'value': 2000, 'unit': 0}, 'lda': {'value': 2000, 'unit': 0}}, 'pilotCtrlLighting': False, '_id': '626151680e8346dfd92517ff'}, {'designator': '30', 'trueHeading': 295, 'alignedTrueNorth': False, 'operations': 0, 'mainRunway': True, 'turnDirection': 2, 'takeOffOnly': False, 'landingOnly': False, 'surface': {'composition': [0], 'mainComposite': 0, 'condition': 0}, 'dimension': {'length': {'value': 2000, 'unit': 0}, 'width': {'value': 25, 'unit': 0}}, 'declaredDistance': {'tora': {'value': 2000, 'unit': 0}, 'lda': {'value': 2000, 'unit': 0}}, 'pilotCtrlLighting': False, '_id': '626151680e8346dfd9251800'}]",0,61.898,15.7053,POINT (15.7053 61.898)
ESMZ,2,[0],"[{'designator': '15', 'trueHeading': 150, 'alignedTrueNorth': False, 'operations': 0, 'mainRunway': True, 'turnDirection': 2, 'takeOffOnly': False, 'landingOnly': False, 'surface': {'composition': [0], 'mainComposite': 0, 'condition': 0}, 'dimension': {'length': {'value': 600, 'unit': 0}, 'width': {'value': 23, 'unit': 0}}, 'declaredDistance': {'tora': {'value': 600, 'unit': 0}, 'lda': {'value': 600, 'unit': 0}}, 'pilotCtrlLighting': False, '_id': '62615168cb27f4250946617a'}, {'designator': '33', 'trueHeading': 330, 'alignedTrueNorth': False, 'operations': 0, 'mainRunway': True, 'turnDirection': 2, 'takeOffOnly': False, 'landingOnly': False, 'surface': {'composition': [0], 'mainComposite': 0, 'condition': 0}, 'dimension': {'length': {'value': 600, 'unit': 0}, 'width': {'value': 23, 'unit': 0}}, 'declaredDistance': {'tora': {'value': 600, 'unit': 0}, 'lda': {'value': 600, 'unit': 0}}, 'pilotCtrlLighting': False, '_id': '62615168cb27f4250946617b'}]",9,57.328333333333,17.050555555556,POINT (17.050555555556 57.328333333333)
